{
  "weights": [
    0.09504953605120353,
    0.19997712541634022,
    0.17050580114039832,
    -0.19897798174574713,
    0.054398414619577305,
    0.15793801143458772,
    -0.08383625019734567,
    0.2909016299320274,
    0.16244989121541795,
    0.7430855488221292
  ],
  "bias": 0.23677315490283718,
  "mins": [
    0,
    0,
    0,
    0,
    0,
    0,
    0,
    0.5,
    0.7,
    0.72
  ],
  "maxes": [
    1,
    1,
    0.8333333333333334,
    1,
    1,
    0.9345813939486969,
    1,
    0.95,
    1,
    0.9800000000000001
  ],
  "featureNames": [
    "placeTypeIndex",
    "timeOfDayIndex",
    "dayOfWeek",
    "sessionIntentIndex",
    "domSessTypeIndex",
    "embeddingScore",
    "longTermAffinity",
    "typeAffinityNorm",
    "placeInteractNorm",
    "placeRating"
  ],
  "version": "v7",
  "versionNumber": 7,
  "trainedAt": "2026-04-08T11:26:47.588Z",
  "sampleCount": 920,
  "finalLoss": 0.380222
}