{
  "weights": [
    -0.045866653782939575,
    -0.10339888163278747,
    -0.20477346936972982,
    -0.4408300485128583,
    0.028964285825403648,
    1.5387704921145136,
    0.027952105434647524,
    -0.030945559244538214,
    -0.012984351369256842,
    2.826270213106536
  ],
  "bias": -0.5763468392340121,
  "mins": [
    0,
    0,
    0.16666666666666666,
    0,
    0,
    0.6337242505244779,
    1,
    0.95,
    1,
    0.72
  ],
  "maxes": [
    0,
    1,
    0.8333333333333334,
    0.3333333333333333,
    0,
    0.8192319205190405,
    1,
    0.95,
    1,
    0.96
  ],
  "featureNames": [
    "placeTypeIndex",
    "timeOfDayIndex",
    "dayOfWeek",
    "sessionIntentIndex",
    "domSessTypeIndex",
    "embeddingScore",
    "longTermAffinity",
    "typeAffinityNorm",
    "placeInteractNorm",
    "placeRating"
  ],
  "version": "v3",
  "versionNumber": 3,
  "trainedAt": "2026-04-02T07:36:27.698Z",
  "sampleCount": 192,
  "finalLoss": 0.713963
}