{
  "weights": [
    -0.03863493791761368,
    0.020126008457167766,
    -0.06720722902569123,
    -0.020875246267770178,
    0.011060857336942504,
    0.8905014571205154,
    -0.16227232589650464,
    0.07366252876380183,
    -0.004583806052625728,
    1.6113380867716272
  ],
  "bias": -0.14270861399778442,
  "mins": [
    0,
    0,
    0.16666666666666666,
    0,
    0,
    0.02960302097797445,
    0.03,
    0.51,
    0.1,
    0.72
  ],
  "maxes": [
    1,
    1,
    0.8333333333333334,
    1,
    1,
    0.8958304367305961,
    1,
    0.9420000000000001,
    1,
    0.96
  ],
  "featureNames": [
    "placeTypeIndex",
    "timeOfDayIndex",
    "dayOfWeek",
    "sessionIntentIndex",
    "domSessTypeIndex",
    "embeddingScore",
    "longTermAffinity",
    "typeAffinityNorm",
    "placeInteractNorm",
    "placeRating"
  ],
  "version": "v4",
  "versionNumber": 4,
  "trainedAt": "2026-04-03T12:10:37.420Z",
  "sampleCount": 212,
  "finalLoss": 0.909419
}