{
  "weights": [
    -0.008956192788996509,
    -0.1721291045479155,
    -0.21380867950725588,
    -0.4088050181808637,
    0.003140033864030234,
    1.5361239123138752,
    0.04819390739640921,
    0.011536692696019757,
    -0.025108714713127412,
    2.8372037230332445
  ],
  "bias": -0.590132739288731,
  "mins": [
    0,
    0,
    0.3333333333333333,
    0,
    0,
    0.6337242505244779,
    1,
    0.97,
    1,
    0.72
  ],
  "maxes": [
    0,
    1,
    0.8333333333333334,
    0.3333333333333333,
    0,
    0.8192319205190405,
    1,
    0.97,
    1,
    0.96
  ],
  "featureNames": [
    "placeTypeIndex",
    "timeOfDayIndex",
    "dayOfWeek",
    "sessionIntentIndex",
    "domSessTypeIndex",
    "embeddingScore",
    "longTermAffinity",
    "typeAffinityNorm",
    "placeInteractNorm",
    "placeRating"
  ],
  "version": "v1",
  "versionNumber": 1,
  "trainedAt": "2026-03-26T13:32:58.976Z",
  "sampleCount": 152,
  "finalLoss": 0.71931
}