{
  "weights": [
    -0.04996880148943055,
    -0.12869565755910253,
    -0.2196359703016925,
    -0.4051822476859004,
    0.04122187661341828,
    1.5350650203723264,
    -0.005220700833163505,
    -0.04405621020200055,
    -0.04727861306698747,
    2.829589991545259
  ],
  "bias": -0.5922774195477917,
  "mins": [
    0,
    0,
    0.16666666666666666,
    0,
    0,
    0.6337242505244779,
    1,
    0.95,
    1,
    0.72
  ],
  "maxes": [
    0,
    1,
    0.8333333333333334,
    0.3333333333333333,
    0,
    0.8192319205190405,
    1,
    0.95,
    1,
    0.96
  ],
  "featureNames": [
    "placeTypeIndex",
    "timeOfDayIndex",
    "dayOfWeek",
    "sessionIntentIndex",
    "domSessTypeIndex",
    "embeddingScore",
    "longTermAffinity",
    "typeAffinityNorm",
    "placeInteractNorm",
    "placeRating"
  ],
  "version": "v2",
  "versionNumber": 2,
  "trainedAt": "2026-04-01T22:03:29.145Z",
  "sampleCount": 173,
  "finalLoss": 0.718673
}