{
  "weights": [
    0.11751300422013938,
    0.1043000255006647,
    0.09215831437984764,
    -0.32943316242273263,
    0.18670282975521899,
    0.1480883743031743,
    -0.1941090093140594,
    0.46211639491885187,
    0.16660114304015403,
    0.974752091466643
  ],
  "bias": 0.24870268906252097,
  "mins": [
    0,
    0,
    0,
    0,
    0,
    0.020398800977398223,
    0.03,
    0.5019407300747983,
    0.2,
    0.72
  ],
  "maxes": [
    1,
    1,
    0.8333333333333334,
    1,
    1,
    0.9613715860874169,
    1,
    0.95,
    1,
    0.9800000000000001
  ],
  "featureNames": [
    "placeTypeIndex",
    "timeOfDayIndex",
    "dayOfWeek",
    "sessionIntentIndex",
    "domSessTypeIndex",
    "embeddingScore",
    "longTermAffinity",
    "typeAffinityNorm",
    "placeInteractNorm",
    "placeRating"
  ],
  "version": "v6",
  "versionNumber": 6,
  "trainedAt": "2026-04-08T07:54:13.525Z",
  "sampleCount": 592,
  "finalLoss": 0.537793
}